Country_Name,Two_Letter_Country_Code,Three_Letter_Country_Code,Continent_Name,Subcontinent_Name,Region_Code,Subregion_Code
Afghanistan,AF,AFG,Asia,Southern Asia,142,034
Albania,AL,ALB,Europe,Southern Europe,150,039
Algeria,DZ,DZA,Africa,Northern Africa,002,015
Andorra,AD,AND,Europe,Southern Europe,150,039
Angola,AO,AGO,Africa,Sub-Saharan Africa,002,202
Antigua and Barbuda,AG,ATG,Americas,Latin America and Caribbean,019,419
Argentina,AR,ARG,Americas,Latin America and Caribbean,019,419
Armenia,AM,ARM,Asia,Western Asia,142,145
Australia,AU,AUS,Oceania,Australia and New Zealand,009,053
Austria,AT,AUT,Europe,Western Europe,150,155
Azerbaijan,AZ,AZE,Asia,Western Asia,142,145
Bahamas,BS,BHS,Americas,Latin America and Caribbean,019,419
Bahrain,BH,BHR,Asia,Western Asia,142,145
Bangladesh,BD,BGD,Asia,Southern Asia,142,034
Barbados,BB,BRB,Americas,Latin America and Caribbean,019,419
Belarus,BY,BLR,Europe,Eastern Europe,150,151
Belgium,BE,BEL,Europe,Western Europe,150,155
Belize,BZ,BLZ,Americas,Latin America and Caribbean,019,419
Benin,BJ,BEN,Africa,Sub-Saharan Africa,002,202
Bhutan,BT,BTN,Asia,Southern Asia,142,034
Bolivia,BO,BOL,Americas,Latin America and Caribbean,019,419
Bosnia and Herzegovina,BA,BIH,Europe,Southern Europe,150,039
Botswana,BW,BWA,Africa,Sub-Saharan Africa,002,202
Brazil,BR,BRA,Americas,Latin America and Caribbean,019,419
Brunei Darussalam,BN,BRN,Asia,South-eastern Asia,142,035
Bulgaria,BG,BGR,Europe,Eastern Europe,150,151
Burkina Faso,BF,BFA,Africa,Sub-Saharan Africa,002,202
Burundi,BI,BDI,Africa,Sub-Saharan Africa,002,202
Cabo Verde,CV,CPV,Africa,Sub-Saharan Africa,002,202
Cambodia,KH,KHM,Asia,South-eastern Asia,142,035
Cameroon,CM,CMR,Africa,Sub-Saharan Africa,002,202
Canada,CA,CAN,Americas,Northern America,019,021
Central African Republic,CF,CAF,Africa,Sub-Saharan Africa,002,202
Chad,TD,TCD,Africa,Sub-Saharan Africa,002,202
Chile,CL,CHL,Americas,Latin America and Caribbean,019,419
China,CN,CHN,Asia,Eastern Asia,142,030
Colombia,CO,COL,Americas,Latin America and Caribbean,019,419
Comoros,KM,COM,Africa,Sub-Saharan Africa,002,202
Congo,CG,COG,Africa,Sub-Saharan Africa,002,202
Congo Democratic Republic,CD,COD,Africa,Sub-Saharan Africa,002,202
Costa Rica,CR,CRI,Americas,Latin America and Caribbean,019,419
CÃ´te d'Ivoire,CI,CIV,Africa,Sub-Saharan Africa,002,202
Croatia,HR,HRV,Europe,Southern Europe,150,039
Cuba,CU,CUB,Americas,Latin America and Caribbean,019,419
Cyprus,CY,CYP,Asia,Western Asia,142,145
Czechia,CZ,CZE,Europe,Eastern Europe,150,151
Denmark,DK,DNK,Europe,Northern Europe,150,154
Djibouti,DJ,DJI,Africa,Sub-Saharan Africa,002,202
Dominica,DM,DMA,Americas,Latin America and Caribbean,019,419
Dominican Republic,DO,DOM,Americas,Latin America and Caribbean,019,419
Ecuador,EC,ECU,Americas,Latin America and Caribbean,019,419
Egypt,EG,EGY,Africa,Northern Africa,002,015
El Salvador,SV,SLV,Americas,Latin America and Caribbean,019,419
Equatorial Guinea,GQ,GNQ,Africa,Sub-Saharan Africa,002,202
Eritrea,ER,ERI,Africa,Sub-Saharan Africa,002,202
Estonia,EE,EST,Europe,Northern Europe,150,154
Eswatini,SZ,SWZ,Africa,Sub-Saharan Africa,002,202
Ethiopia,ET,ETH,Africa,Sub-Saharan Africa,002,202
Fiji,FJ,FJI,Oceania,Melanesia,009,054
Finland,FI,FIN,Europe,Northern Europe,150,154
France,FR,FRA,Europe,Western Europe,150,155
Gabon,GA,GAB,Africa,Sub-Saharan Africa,002,202
Gambia,GM,GMB,Africa,Sub-Saharan Africa,002,202
Georgia,GE,GEO,Asia,Western Asia,142,145
Germany,DE,DEU,Europe,Western Europe,150,155
Ghana,GH,GHA,Africa,Sub-Saharan Africa,002,202
Greece,GR,GRC,Europe,Southern Europe,150,039
Grenada,GD,GRD,Americas,Latin America and Caribbean,019,419
Guatemala,GT,GTM,Americas,Latin America and Caribbean,019,419
Guinea,GN,GIN,Africa,Sub-Saharan Africa,002,202
Guinea-Bissau,GW,GNB,Africa,Sub-Saharan Africa,002,202
Guyana,GY,GUY,Americas,Latin America and Caribbean,019,419
Haiti,HT,HTI,Americas,Latin America and Caribbean,019,419
Honduras,HN,HND,Americas,Latin America and Caribbean,019,419
Hungary,HU,HUN,Europe,Eastern Europe,150,151
Iceland,IS,ISL,Europe,Northern Europe,150,154
India,IN,IND,Asia,Southern Asia,142,034
Indonesia,ID,IDN,Asia,South-eastern Asia,142,035
Iran,IR,IRN,Asia,Southern Asia,142,034
Iraq,IQ,IRQ,Asia,Western Asia,142,145
Ireland,IE,IRL,Europe,Northern Europe,150,154
Israel,IL,ISR,Asia,Western Asia,142,145
Italy,IT,ITA,Europe,Southern Europe,150,039
Jamaica,JM,JAM,Americas,Latin America and Caribbean,019,419
Japan,JP,JPN,Asia,Eastern Asia,142,030
Jordan,JO,JOR,Asia,Western Asia,142,145
Kazakhstan,KZ,KAZ,Asia,Central Asia,142,143
Kenya,KE,KEN,Africa,Sub-Saharan Africa,002,202
Kiribati,KI,KIR,Oceania,Micronesia,009,057
Korea North,KP,PRK,Asia,Eastern Asia,142,030
Korea South,KR,KOR,Asia,Eastern Asia,142,030
Kuwait,KW,KWT,Asia,Western Asia,142,145
Kyrgyzstan,KG,KGZ,Asia,Central Asia,142,143
Lao People's Democratic Republic,LA,LAO,Asia,South-eastern Asia,142,035
Latvia,LV,LVA,Europe,Northern Europe,150,154
Lebanon,LB,LBN,Asia,Western Asia,142,145
Lesotho,LS,LSO,Africa,Sub-Saharan Africa,002,202
Liberia,LR,LBR,Africa,Sub-Saharan Africa,002,202
Libya,LY,LBY,Africa,Northern Africa,002,015
Liechtenstein,LI,LIE,Europe,Western Europe,150,155
Lithuania,LT,LTU,Europe,Northern Europe,150,154
Luxembourg,LU,LUX,Europe,Western Europe,150,155
Madagascar,MG,MDG,Africa,Sub-Saharan Africa,002,202
Malawi,MW,MWI,Africa,Sub-Saharan Africa,002,202
Malaysia,MY,MYS,Asia,South-eastern Asia,142,035
Maldives,MV,MDV,Asia,Southern Asia,142,034
Mali,ML,MLI,Africa,Sub-Saharan Africa,002,202
Malta,MT,MLT,Europe,Southern Europe,150,039
Marshall Islands,MH,MHL,Oceania,Micronesia,009,057
Mauritania,MR,MRT,Africa,Sub-Saharan Africa,002,202
Mauritius,MU,MUS,Africa,Sub-Saharan Africa,002,202
Mexico,MX,MEX,Americas,Latin America and Caribbean,019,419
Micronesia,FM,FSM,Oceania,Micronesia,009,057
Moldova,MD,MDA,Europe,Eastern Europe,150,151
Monaco,MC,MCO,Europe,Western Europe,150,155
Mongolia,MN,MNG,Asia,Eastern Asia,142,030
Montenegro,ME,MNE,Europe,Southern Europe,150,039
Morocco,MA,MAR,Africa,Northern Africa,002,015
Mozambique,MZ,MOZ,Africa,Sub-Saharan Africa,002,202
Myanmar,MM,MMR,Asia,South-eastern Asia,142,035
Namibia,NA,NAM,Africa,Sub-Saharan Africa,002,202
Nauru,NR,NRU,Oceania,Micronesia,009,057
Nepal,NP,NPL,Asia,Southern Asia,142,034
Netherlands,NL,NLD,Europe,Western Europe,150,155
New Zealand,NZ,NZL,Oceania,Australia and New Zealand,009,053
Nicaragua,NI,NIC,Americas,Latin America and Caribbean,019,419
Niger,NE,NER,Africa,Sub-Saharan Africa,002,202
Nigeria,NG,NGA,Africa,Sub-Saharan Africa,002,202
North Macedonia,MK,MKD,Europe,Southern Europe,150,039
Norway,NO,NOR,Europe,Northern Europe,150,154
Oman,OM,OMN,Asia,Western Asia,142,145
Pakistan,PK,PAK,Asia,Southern Asia,142,034
Palau,PW,PLW,Oceania,Micronesia,009,057
Panama,PA,PAN,Americas,Latin America and Caribbean,019,419
Papua New Guinea,PG,PNG,Oceania,Melanesia,009,054
Paraguay,PY,PRY,Americas,Latin America and Caribbean,019,419
Peru,PE,PER,Americas,Latin America and Caribbean,019,419
Philippines,PH,PHL,Asia,South-eastern Asia,142,035
Poland,PL,POL,Europe,Eastern Europe,150,151
Portugal,PT,PRT,Europe,Southern Europe,150,039
Qatar,QA,QAT,Asia,Western Asia,142,145
Romania,RO,ROU,Europe,Eastern Europe,150,151
Russian Federation,RU,RUS,Europe,Eastern Europe,150,151
Rwanda,RW,RWA,Africa,Sub-Saharan Africa,002,202
Saint Kitts and Nevis,KN,KNA,Americas,Latin America and Caribbean,019,419
Saint Lucia,LC,LCA,Americas,Latin America and Caribbean,019,419
Saint Vincent and the Grenadines,VC,VCT,Americas,Latin America and Caribbean,019,419
Samoa,WS,WSM,Oceania,Polynesia,009,061
San Marino,SM,SMR,Europe,Southern Europe,150,039
Sao Tome and Principe,ST,STP,Africa,Sub-Saharan Africa,002,202
Saudi Arabia,SA,SAU,Asia,Western Asia,142,145
Senegal,SN,SEN,Africa,Sub-Saharan Africa,002,202
Serbia,RS,SRB,Europe,Southern Europe,150,039
Seychelles,SC,SYC,Africa,Sub-Saharan Africa,002,202
Sierra Leone,SL,SLE,Africa,Sub-Saharan Africa,002,202
Singapore,SG,SGP,Asia,South-eastern Asia,142,035
Slovakia,SK,SVK,Europe,Eastern Europe,150,151
Slovenia,SI,SVN,Europe,Southern Europe,150,039
Solomon Islands,SB,SLB,Oceania,Melanesia,009,054
Somalia,SO,SOM,Africa,Sub-Saharan Africa,002,202
South Africa,ZA,ZAF,Africa,Sub-Saharan Africa,002,202
South Sudan,SS,SSD,Africa,Sub-Saharan Africa,002,202
Spain,ES,ESP,Europe,Southern Europe,150,039
Sri Lanka,LK,LKA,Asia,Southern Asia,142,034
Sudan,SD,SDN,Africa,Sub-Saharan Africa,002,202
Suriname,SR,SUR,Americas,Latin America and Caribbean,019,419
Sweden,SE,SWE,Europe,Northern Europe,150,154
Switzerland,CH,CHE,Europe,Western Europe,150,155
Syrian Arab Republic,SY,SYR,Asia,Western Asia,142,145
Tajikistan,TJ,TJK,Asia,Central Asia,142,143
Tanzania,TZ,TZA,Africa,Sub-Saharan Africa,002,202
Thailand,TH,THA,Asia,South-eastern Asia,142,035
Timor-Leste,TL,TLS,Asia,South-eastern Asia,142,035
Togo,TG,TGO,Africa,Sub-Saharan Africa,002,202
Tonga,TO,TON,Oceania,Polynesia,009,061
Trinidad and Tobago,TT,TTO,Americas,Latin America and Caribbean,019,419
Tunisia,TN,TUN,Africa,Northern Africa,002,015
Turkey,TR,TUR,Asia,Western Asia,142,145
Turkmenistan,TM,TKM,Asia,Central Asia,142,143
Tuvalu,TV,TUV,Oceania,Polynesia,009,061
Uganda,UG,UGA,Africa,Sub-Saharan Africa,002,202
Ukraine,UA,UKR,Europe,Eastern Europe,150,151
United Arab Emirates,AE,ARE,Asia,Western Asia,142,145
United Kingdom,GB,GBR,Europe,Northern Europe,150,154
United States,US,USA,Americas,Northern America,019,021
Uruguay,UY,URY,Americas,Latin America and Caribbean,019,419
Uzbekistan,UZ,UZB,Asia,Central Asia,142,143
Vanuatu,VU,VUT,Oceania,Melanesia,009,054
Venezuela,VE,VEN,Americas,Latin America and Caribbean,019,419
Viet Nam,VN,VNM,Asia,South-eastern Asia,142,035
Yemen,YE,YEM,Asia,Western Asia,142,145
Zambia,ZM,ZMB,Africa,Sub-Saharan Africa,002,202
Zimbabwe,ZW,ZWE,Africa,Sub-Saharan Africa,002,202